{"cameraMode":{"drawMode":0,"name":"Shaded","section":"Shading Mode"},"sceneLighting":false,"audioPlay":false,"sceneViewState":{"m_AlwaysRefresh":false,"showFog":true,"showSkybox":false,"showFlares":true,"showImageEffects":true,"showParticleSystems":true,"showVisualEffectGraphs":true,"m_FxEnabled":true},"in2DMode":false,"pivot":{"x":-6.3889312744140629,"y":0.4984874725341797,"z":37.04607009887695},"rotation":{"x":-0.21459417045116425,"y":0.016698293387889863,"z":-0.0036665000952780248,"w":-0.9765498638153076},"size":4.656933784484863,"orthographic":false}